,Date,real return,perdict return
0,2017-01-19,0.005712414371821686,-6.846607e-05
1,2017-01-20,0.008977534964658319,-0.00037991072
2,2017-01-23,-0.014890230316270691,-0.00038403136
3,2017-01-24,0.008294879148968452,-0.00028826736
4,2017-01-25,0.03510070499910058,-0.00020957747
5,2017-01-26,0.009890438688788883,-2.9473013e-05
6,2017-01-27,-0.010318192434299916,0.00012952849
7,2017-01-30,-0.009012204743078955,0.00025202564
8,2017-01-31,0.004457855595402932,0.0003535014
9,2017-02-01,-0.0007148896476240412,0.00042052296
10,2017-02-02,-0.0028617535346662517,0.00020630086
11,2017-02-03,0.027264608562822926,-0.00019290113
12,2017-02-06,-0.012572077258430476,-0.00030297518
13,2017-02-07,-0.0037135520344651857,-0.00039018173
14,2017-02-08,-0.012602063737584362,-0.00059354125
15,2017-02-09,0.019773639990513285,-0.0007433937
16,2017-02-10,0.0022914276239673448,-0.00085402874
17,2017-02-13,0.003869076286188547,-0.0011365372
18,2017-02-14,0.015767354371769987,-0.0012543016
19,2017-02-15,0.009831061654082544,-0.0012426742
20,2017-02-16,-0.007344242263104943,-0.0011728273
21,2017-02-17,-0.0005160948236500183,-0.0010809086
22,2017-02-21,0.0027542860466477264,-0.0009753223
23,2017-02-22,0.0018885540434519959,-0.0008450735
24,2017-02-23,0.0022274994148034186,-0.0007545725
25,2017-02-24,-0.011626001359274121,-0.000745964
26,2017-02-27,0.004324574173572324,-0.00079590123
27,2017-02-28,-0.0031003434632246056,-0.0009336264
28,2017-03-01,0.03196285890067771,-0.0011167703
29,2017-03-02,-0.01707689617432608,-0.0012082913
30,2017-03-03,0.0030659473168325076,-0.0012145538
31,2017-03-06,-0.004754610841342859,-0.0012016309
32,2017-03-07,-0.00528931868636155,-0.0012381761
33,2017-03-08,-0.0015437187724459363,-0.001243786
34,2017-03-09,0.00841780506472812,-0.0013271574
35,2017-03-10,0.0025553322521729206,-0.0013810317
36,2017-03-13,-0.0025488191723368916,-0.0014056433
37,2017-03-14,0.0010222750216840834,-0.0013475566
38,2017-03-15,-0.0008510022063020164,-0.0012345655
39,2017-03-16,0.010389961386669576,-0.0011594659
40,2017-03-17,-0.010957466931342499,-0.0011961436
41,2017-03-20,-0.01772626644983108,-0.0013297277
42,2017-03-21,-0.0308866897664276,-0.0015959983
43,2017-03-22,-0.009310654004302693,-0.0014756329
44,2017-03-23,-0.0014458007171255993,-0.00138299
45,2017-03-24,0.010497722839642069,-0.0013505042
46,2017-03-27,-0.007881061745269207,-0.0014368949
47,2017-03-28,0.010290603807950398,-0.0014935842
48,2017-03-29,-0.005182303422210588,-0.0015511813
49,2017-03-30,0.010238921659099431,-0.0014214016
50,2017-03-31,-0.010313005134993653,-0.0012618086
51,2017-04-03,-0.0030540926550244483,-0.0010415483
52,2017-04-04,-0.005226272216730971,-0.0008321608
53,2017-04-05,-0.003985429051942289,-0.0007082459
54,2017-04-06,0.007093393643668041,-0.0005249184
55,2017-04-07,-0.009571943673337722,-0.00035087246
56,2017-04-10,-0.00547053882624456,-0.00015449966
57,2017-04-11,-0.006967296710443847,-9.846308e-05
58,2017-04-12,-0.019202441750044093,-0.00021427948
59,2017-04-13,-0.033320735310942776,-0.00049525796
60,2017-04-17,0.02667972871872479,-0.0008116086
61,2017-04-18,-0.005121485950924565,-0.0010199762
62,2017-04-19,-0.005719736793969865,-0.0011307335
63,2017-04-20,0.025886921715507574,-0.0012853799
64,2017-04-21,-0.009345851957101815,-0.0014807837
65,2017-04-24,0.012264093401285295,-0.0015788324
66,2017-04-25,0.016961928454688097,-0.001545592
67,2017-04-26,-0.00036666596585251175,-0.001454887
68,2017-04-27,-0.0018333904515171397,-0.0013963412
69,2017-04-28,-0.01102131388570465,-0.0013675988
70,2017-05-01,0.011515551332315572,-0.0013537783
71,2017-05-02,0.001468897448393852,-0.0013603775
72,2017-05-03,0.012740121033444232,-0.0013145099
73,2017-05-04,0.006016398514734656,-0.0013146832
74,2017-05-05,-0.0012685530290672724,-0.0013426098
75,2017-05-08,-0.001270164299837244,-0.0012202963
76,2017-05-09,-0.0065407961766686265,-0.0010519723
77,2017-05-10,0.000731624154869183,-0.0008947557
78,2017-05-11,-0.01790941623755481,-0.0007690559
79,2017-05-12,-0.013397812859329016,-0.00072836975
80,2017-05-15,0.005658353628234596,-0.0007385081
81,2017-05-16,-0.0011254276578488616,-0.0009363293
82,2017-05-17,-0.019151259924499647,-0.0010969933
83,2017-05-18,0.002679890993344517,-0.0013373366
84,2017-05-19,0.012982004277409245,-0.0015504266
85,2017-05-22,-0.0009421789118828909,-0.0015110765
86,2017-05-23,0.00716837532037257,-0.0014716041
87,2017-05-24,-0.005618985241910795,-0.0014662289
88,2017-05-25,-0.0058393155980695196,-0.0015810356
89,2017-05-26,-0.007010084938311833,-0.001704624
90,2017-05-30,-0.004770110018788014,-0.0017396698
91,2017-05-31,-0.019555218773746975,-0.0017694833
92,2017-06-01,0.018380877724919177,-0.0018524162
93,2017-06-02,-0.005184251208474869,-0.0018608308
94,2017-06-05,-0.001737062593336034,-0.0018866563
95,2017-06-06,0.0017400852302988025,-0.0019940273
96,2017-06-07,0.005404185851546427,-0.0019046994
97,2017-06-08,0.009023026693508294,-0.0018431958
98,2017-06-09,0.02359200252881225,-0.0017941765
99,2017-06-12,0.005390227942507418,-0.0017260228
100,2017-06-13,0.0066557520491327795,-0.001615347
101,2017-06-14,0.0014691247220857554,-0.0015256415
102,2017-06-15,-0.011553144907149912,-0.0015031412
103,2017-06-16,-0.00018559132007455622,-0.0013510142
104,2017-06-19,0.006494672924701963,-0.0011539886
105,2017-06-20,-0.01438049422572441,-0.0010562154
106,2017-06-21,-0.008978682167389302,-0.0007699535
107,2017-06-22,-0.009248687057655003,-0.00044196506
108,2017-06-23,-0.0007621490488288331,-0.00032891275
109,2017-06-26,0.008579650436046742,-0.00044532074
110,2017-06-27,0.0049150253428792,-0.0009799326
111,2017-06-28,0.022008969586825054,-0.0012885826
112,2017-06-29,0.02668875729323088,-0.0014174442
113,2017-06-30,-0.006633210877292542,-0.0014496137
114,2017-07-03,0.006677504170590066,-0.0015064459
115,2017-07-05,0.0,-0.0015316593
116,2017-07-06,-0.003944207808973032,-0.001570683
117,2017-07-07,0.003239790013058018,-0.0015424913
118,2017-07-10,-0.0026910073078252415,-0.0015320571
119,2017-07-11,-0.009893849383243896,-0.0015271918
120,2017-07-12,0.002361887279185477,-0.0014666776
121,2017-07-13,0.007794091821624389,-0.0014304793
122,2017-07-14,-0.010971272692515232,-0.0014910242
123,2017-07-17,-0.005091669254746694,-0.0017319283
124,2017-07-18,0.001644986391593224,-0.0021519272
125,2017-07-19,0.0025545477503373273,-0.0023095722
126,2017-07-20,-0.0010920165702431517,-0.0023340615
127,2017-07-21,-0.012937454916582327,-0.0023570717
128,2017-07-24,0.0018461279181675107,-0.0023349694
129,2017-07-25,0.014556947774673451,-0.0022760157
130,2017-07-26,-0.002724241559549301,-0.002226619
131,2017-07-27,-0.003642269578339951,-0.002247518
132,2017-07-28,-0.025772387244954047,-0.0022510572
133,2017-07-31,0.01200751343878156,-0.00218119
134,2017-08-01,0.0025954303286147462,-0.0021682468
135,2017-08-02,-0.0013036235833625155,-0.0022043227
136,2017-08-03,-0.004102954728682551,-0.0022327795
137,2017-08-04,-0.010486933092077733,-0.002226527
138,2017-08-07,-0.005677542630794505,-0.002240358
139,2017-08-08,0.003235686412050341,-0.0022784634
140,2017-08-09,0.0015176777509752404,-0.0022268943
141,2017-08-10,-0.01591213004969517,-0.0021382598
142,2017-08-11,-0.0001924356102611322,-0.0021237254
143,2017-08-14,0.01732768472425898,-0.00204526
144,2017-08-15,0.0001891943488247264,-0.001937644
145,2017-08-16,-0.003027315087585627,-0.0017963082
146,2017-08-17,-0.016891383002519522,-0.001666702
147,2017-08-18,-0.002316628799790034,-0.0015081594
148,2017-08-21,0.0027090491551777095,-0.0013245872
149,2017-08-22,0.007719115305425641,-0.001127429
150,2017-08-23,-0.003638552879070722,-0.0009356255
151,2017-08-24,0.0024986067696570356,-0.0008397697
152,2017-08-25,-0.007476980200986072,-0.00071953685
153,2017-08-28,-0.0027044186973306196,-0.0005695824
154,2017-08-29,-0.004067469317556116,-0.0004613545
155,2017-08-30,-0.0011666746908208102,-0.00039488374
156,2017-08-31,-0.005646341523954135,-0.00029200042
157,2017-09-01,-0.0019581591049768307,-2.522998e-05
158,2017-09-05,-0.017068876336894568,0.0004945006
159,2017-09-06,-0.004391144362739042,0.0011370241
160,2017-09-07,-0.004009750827573789,0.0017794152
161,2017-09-08,-0.0020127812769953238,0.0025427428
162,2017-09-11,0.02178305774156304,0.003114328
163,2017-09-12,0.017962746812735696,0.0032902812
164,2017-09-13,-0.0021330274205144466,0.0032010144
165,2017-09-14,-0.0033035943250099113,0.0027688371
166,2017-09-15,0.007213984458203108,0.0024284767
167,2017-09-18,0.020325214901310097,0.0019053292
168,2017-09-19,0.012331629089325474,0.0015630409
169,2017-09-20,0.00730875497691025,0.001327318
170,2017-09-21,0.00576748859091694,0.0007779066
171,2017-09-22,0.003514482205884713,0.00030675667
172,2017-09-25,-0.004055156680229337,0.00040114374
173,2017-09-26,-0.004256923646940663,0.00064657663
174,2017-09-27,0.007620770873459584,0.0008644298
175,2017-09-28,0.000737803820649495,0.0010469618
176,2017-09-29,0.01658993888156632,0.0009346336
177,2017-10-02,0.005802274380603071,0.00044846986
178,2017-10-03,0.0019832806005473298,-9.0334004e-05
179,2017-10-04,-0.01115518063168001,-0.00040511394
180,2017-10-05,0.007823867359693929,-0.00073488726
181,2017-10-06,0.0034303167719801535,-0.0008522438
182,2017-10-09,-0.007916680046352658,-0.0007642927
183,2017-10-10,0.008523836642324922,-0.0005749474
184,2017-10-11,0.0008990736243537585,-0.00038994712
185,2017-10-12,-0.008084837449905674,-0.00033152383
186,2017-10-13,-0.027531187204564912,-0.00041404876
187,2017-10-16,0.002048802853143138,-0.0008115678
188,2017-10-17,-0.011338285331139692,-0.0009850528
189,2017-10-18,0.004136278869003739,-0.0007511964
190,2017-10-19,0.006365651046737519,-0.00060533197
191,2017-10-20,0.021767480022006798,-0.00046512834
192,2017-10-23,-0.0001820289435754453,-0.00024827474
193,2017-10-24,0.009287862397911177,0.00011320913
194,2017-10-25,-0.003067463949562965,0.0005150222
195,2017-10-26,0.006696778463485576,0.0009039226
196,2017-10-27,0.004494781940637057,0.0012744127
197,2017-10-30,-0.00035786755102593603,0.0017257244
198,2017-10-31,0.005192409785018522,0.0023267255
199,2017-11-01,0.001246805431913956,0.0029995316
200,2017-11-02,0.011823793174337592,0.0037369828
201,2017-11-03,-0.002301608797941567,0.004490835
202,2017-11-06,-0.003017068384419343,0.005196453
203,2017-11-07,-0.020113815191733754,0.0056143305
204,2017-11-08,-0.014350497323473906,0.0058639655
205,2017-11-09,-0.004791854840245289,0.005641492
206,2017-11-10,-0.00351847853501217,0.00452688
207,2017-11-13,-0.001672596406334905,0.0032967783
208,2017-11-14,0.005956829463663371,0.0027360045
209,2017-11-15,-0.005366421720507465,0.0021930393
210,2017-11-16,0.015813913980179197,0.0019864363
211,2017-11-17,-0.008241680776025849,0.0019508499
212,2017-11-20,-0.0018467883620356784,0.0019208937
213,2017-11-21,0.008695768463821868,0.001897149
214,2017-11-22,-0.008437213655132936,0.0019857835
215,2017-11-24,0.0005547019774298315,0.0021434082
216,2017-11-27,-0.00258820594693185,0.0024011112
217,2017-11-28,0.03002777802799391,0.0027144528
218,2017-11-29,0.019974878544848675,0.0027928369
219,2017-11-30,-0.0037049418918821556,0.002925564
220,2017-12-01,-0.00478128314409485,0.002885643
221,2017-12-04,0.02117439458883284,0.002834757
222,2017-12-05,0.020212464669867845,0.002905879
223,2017-12-06,0.0003416983040423,0.0028618881
224,2017-12-07,0.013488045132556525,0.0026579879
225,2017-12-08,-0.0008422795001635645,0.0023198917
226,2017-12-11,-0.00741862462226247,0.002153883
227,2017-12-12,0.024800477872222733,0.0021435611
228,2017-12-13,-0.01541533445763044,0.001888459
229,2017-12-14,-0.0030303155303928746,0.0014231228
230,2017-12-15,0.010976001899971126,0.0006122346
231,2017-12-18,0.01753801506216833,0.00018146484
232,2017-12-19,-0.009192324693445051,-0.0001608744
233,2017-12-20,-0.003644887931857449,-0.00022334693
234,2017-12-21,0.024442989174521073,-0.00024233857
235,2017-12-22,-0.00097378354112928,-0.000166321
236,2017-12-26,-0.006823792528362857,-6.57492e-06
237,2017-12-27,-0.002944556598623941,0.0002712111
238,2017-12-28,0.0057424170346199975,0.00053692074
239,2017-12-29,-0.010277333924915085,0.0007607509
240,2018-01-02,0.00692277019044265,0.0009118987
241,2018-01-03,0.007693535134906766,0.0010572124
242,2018-01-04,0.012508133062744257,0.001186125
243,2018-01-05,0.006738399573918927,0.0014114749
244,2018-01-08,-0.011314768571757691,0.0015739442
245,2018-01-09,0.003545989349130265,0.0017128831
246,2018-01-10,0.013813092376785269,0.0018066379
247,2018-01-11,-0.0017427230669027477,0.0019371621
248,2018-01-12,-0.007300379439554589,0.0019500136
249,2018-01-16,-0.0007993891632627013,0.0018232836
250,2018-01-17,0.02207998183012249,0.0015494652
251,2018-01-18,0.0010958056044309901,0.0014310785
252,2018-01-19,0.004222225542887218,0.0013891276
253,2018-01-22,0.007941238864040568,0.0013213615
254,2018-01-23,-0.0037077033405795764,0.0012326046
255,2018-01-24,0.015351312685919934,0.0011975996
256,2018-01-25,0.0025961434356930775,0.0010581507
257,2018-01-26,0.0042649834736011505,0.0008140642
258,2018-01-29,-0.001668446648668222,0.0007178922
259,2018-01-30,-0.008204103609125579,0.0006911387
260,2018-01-31,0.007659400796724819,0.000617824
261,2018-02-01,0.001835217223142076,0.00047375466
262,2018-02-02,-0.021981520823543578,0.0004195234
263,2018-02-05,-0.09224277998039723,0.0004226853
264,2018-02-06,-0.015130820515497969,0.00038660932
265,2018-02-07,0.0045392313101502366,0.0004070799
266,2018-02-08,-0.03719153042001207,0.0003919029
267,2018-02-09,0.013176811871170157,0.00034011956
268,2018-02-12,0.006591932924637928,0.00036765845
269,2018-02-13,0.026548561293100653,0.00039030157
270,2018-02-14,0.026724201467365594,0.00035512316
271,2018-02-15,0.007892466397964914,0.0002753623
272,2018-02-16,-0.0011661955868675366,0.00013890192
273,2018-02-20,0.0,0.0001393711
274,2018-02-21,-0.0036697266343819926,0.0001164934
275,2018-02-22,-0.015402634552250086,0.00011194438
276,2018-02-23,0.006121310572607401,0.00016034146
277,2018-02-26,0.01352041052605941,0.00017192822
278,2018-02-27,-0.012673065533679414,0.00014883632
279,2018-02-28,-0.013511208341440813,0.00015347713
280,2018-03-01,-0.018832333337943583,-2.5256807e-06
281,2018-03-02,0.0017448842265455167,-0.00019676678
282,2018-03-05,0.0031353632630179446,-0.00024845832
283,2018-03-06,-0.00902931163869896,-0.00023882992
284,2018-03-07,-0.008235578650106877,-0.00020232557
285,2018-03-08,0.0021201555861401784,-0.0001737055
286,2018-03-09,0.026621942719021054,-0.00013133638
287,2018-03-12,-0.003606343131533399,-5.9408827e-05
288,2018-03-13,-0.00792826054892737,7.0717615e-05
289,2018-03-14,-0.016157090856156762,0.00024947574
290,2018-03-15,0.0035317445894958934,0.00043313985
291,2018-03-16,-0.016364562401823556,0.00049378665
292,2018-03-19,-0.007513466650767302,0.00049510243
293,2018-03-20,-0.010454043696102625,0.00039520758
294,2018-03-21,-0.002003902507702824,0.00019467331
295,2018-03-22,-0.041248361058027434,-0.0001987047
296,2018-03-23,-0.029506863435247044,-0.000504152
297,2018-03-26,0.02569630968013193,-0.00064199953
298,2018-03-27,-0.02275772000927901,-0.0007280841
299,2018-03-28,0.00743639607678985,-0.00068806094
300,2018-03-29,0.018065310297051017,-0.0005562821
301,2018-04-02,-0.020225256780584473,-0.00034228442
302,2018-04-03,0.01421639162405702,-9.331229e-05
303,2018-04-04,0.015936916456802876,0.00017750739
304,2018-04-05,0.006614999451409876,0.00048235292
305,2018-04-06,-0.01933911835596533,0.0008395428
306,2018-04-09,0.00038287243554747496,0.0012260361
307,2018-04-10,0.0070813614972771765,0.001690546
308,2018-04-11,-0.013112895698826097,0.0019988492
309,2018-04-12,0.01482770017895554,0.0021682747
310,2018-04-13,-0.034345323563668186,0.0020250112
311,2018-04-16,-0.001768452323023145,0.0017315994
312,2018-04-17,-0.004527695394413668,0.0011956209
313,2018-04-18,-0.0035593662130178607,0.0009874369
314,2018-04-19,0.022821952501052557,0.0008556479
315,2018-04-20,0.019790428983765276,0.00066617003
316,2018-04-23,0.000951325897435838,0.00027958496
317,2018-04-24,-0.001900766309837332,-5.8715254e-05
318,2018-04-25,0.011426471237414937,-0.00035233103
319,2018-04-26,-0.012615460887706698,-0.0005749372
320,2018-04-27,-0.0015255116784940398,-0.00060004863
321,2018-04-30,-0.007639367163420912,-0.0005996202
322,2018-05-01,0.011547264538675462,-0.00060864683
323,2018-05-02,-0.007039595377932499,-0.0005472759
324,2018-05-03,-0.005019271082486456,-0.00048503795
325,2018-05-04,0.01688008666990527,-0.00037681006
326,2018-05-07,0.004770114712775239,-0.0002466428
327,2018-05-08,0.010064584764624728,-5.6971123e-05
328,2018-05-09,0.010716209265489132,9.479886e-05
329,2018-05-10,0.016555149542870354,0.00017375394
330,2018-05-11,-0.0036597067014701792,8.439527e-05
331,2018-05-14,0.0005509206034981867,-0.00023084362
332,2018-05-15,0.004955925103923922,-0.00042503374
333,2018-05-16,0.005296949213063482,-0.00041265142
334,2018-05-17,-0.014898345006561044,-0.00048343663
335,2018-05-18,-0.009590492024730354,-0.0007385183
336,2018-05-21,0.015642420374853548,-0.00070381927
337,2018-05-22,0.01320130989168874,-0.00055052957
338,2018-05-23,0.016648614359331453,-0.00031827457
339,2018-05-24,-0.026877940476251097,-4.3069074e-05
340,2018-05-25,0.004207145381400605,0.00018058767
341,2018-05-29,-0.03551924860494301,0.00029201826
342,2018-05-30,0.02417379068268193,0.00035137992
343,2018-05-31,-0.004425541804556204,0.0002531884
344,2018-06-01,0.01296533271679655,6.0864808e-05
345,2018-06-04,0.0025599505617974216,7.2573945e-05
346,2018-06-05,-0.006018640722818895,0.00012842692
347,2018-06-06,0.019816497727291882,0.00025489173
348,2018-06-07,0.0008995813093841287,0.00032167867
349,2018-06-08,0.0008988452192878133,0.0002883872
350,2018-06-11,-0.003053184547030635,0.00016249358
351,2018-06-12,-0.002341904395658157,3.0317018e-05
352,2018-06-13,-0.003972626838927814,-2.6402933e-05
353,2018-06-14,-0.007614122353643796,1.0947985e-05
354,2018-06-15,0.004384309729945099,5.722355e-05
355,2018-06-18,0.0018189435865859287,2.3911673e-05
356,2018-06-19,0.0,-5.0902363e-05
357,2018-06-20,-0.010893407313756159,1.9842033e-05
358,2018-06-21,-0.002019053206045711,8.712876e-05
359,2018-06-22,-0.007908765219574579,0.00010998606
360,2018-06-25,0.00037072812033671945,2.9317458e-05
361,2018-06-26,-0.00982196113359695,-0.00010585779
362,2018-06-27,-0.0028074909157545344,-0.00012268712
363,2018-06-28,0.0065692048454228675,-0.0002646349
364,2018-06-29,0.03374967215074297,-0.00057514117
365,2018-07-02,0.01587294665651219,-0.0008978054
366,2018-07-03,-0.013494276516878272,-0.0009457231
367,2018-07-05,-0.005759421972117227,-0.0009088414
368,2018-07-06,0.01176675422195766,-0.00089905993
369,2018-07-09,0.015745289155543386,-0.0008532638
370,2018-07-10,-0.0026423861449537947,-0.00075091084
371,2018-07-11,-0.009713849141365248,-0.00065435126
372,2018-07-12,-0.0007133614826191167,-0.00058804365
373,2018-07-13,-0.011957892054144869,-0.00048352842
374,2018-07-16,0.029443592001335703,-0.00040475695
375,2018-07-17,-0.007545034384211635,-0.0003476392
376,2018-07-18,0.00017667065434179887,-0.00023059885
377,2018-07-19,-0.00424248066171986,-6.683413e-05
378,2018-07-20,0.001420137643339734,9.192257e-05
379,2018-07-23,0.028186405197815543,0.00019369416
380,2018-07-24,0.006034538573779817,0.00023632846
381,2018-07-25,-0.0020565998258488143,0.00025017952
382,2018-07-26,0.0013739382268903708,0.00025744163
383,2018-07-27,0.005487866941805144,0.00025402475
384,2018-07-30,-0.002387781814263356,0.00019953852
385,2018-07-31,-0.020516357445504632,-7.513283e-06
386,2018-08-01,0.006283884769751831,-2.6464131e-05
387,2018-08-02,0.01110145757520247,-8.819209e-05
388,2018-08-03,0.0092639827245593,-0.00025264017
389,2018-08-06,0.0010198756232535204,-0.00061167614
390,2018-08-07,-0.00118865402942632,-0.0012042931
391,2018-08-08,0.006290450721788634,-0.0014545606
392,2018-08-09,-0.00544603090452186,-0.0016429675
393,2018-08-10,-0.006673376616043167,-0.0016991774
394,2018-08-13,-0.007579734253836275,-0.0017988887
395,2018-08-14,0.00798478390495523,-0.0018302831
396,2018-08-15,-0.0013776338119830171,-0.0018246529
397,2018-08-16,0.011553668781814647,-0.0017524092
398,2018-08-17,0.003409444173999756,-0.0017100503
399,2018-08-20,0.0028881804578642675,-0.0017378747
400,2018-08-21,-0.0011858258975838087,-0.0016984125
401,2018-08-22,0.0035617690922621057,-0.0015524257
402,2018-08-23,-0.009295293175366573,-0.0013304723
403,2018-08-24,0.0011941880347012578,-0.0010406405
404,2018-08-27,0.006985787908616625,-0.0007711264
405,2018-08-28,-0.0005075414816515869,-0.000483559
406,2018-08-29,-0.0018622464457441023,-0.00012392127
407,2018-08-30,-0.008480241072222686,0.00021328758
408,2018-08-31,0.0003421108251596785,0.0004121185
409,2018-09-04,0.005471901205918108,0.00037280924
410,2018-09-05,0.0025510629247449024,0.00034258785
411,2018-09-06,-0.017302760929016624,7.3175725e-05
412,2018-09-07,-0.009148949715404215,-9.583159e-05
413,2018-09-10,0.0010452856051280318,-0.00016954406
414,2018-09-11,-0.0013923980579381551,-0.00015776354
415,2018-09-12,-0.025095741464550056,-0.000100554
416,2018-09-13,-0.016803763365703644,-2.7412694e-05
417,2018-09-14,-0.00490911436670672,1.7781715e-05
418,2018-09-17,-0.007673959339855322,-7.3678064e-05
419,2018-09-18,0.003498399611066344,-0.00033846978
420,2018-09-19,0.013210949732101776,-0.0004286648
421,2018-09-20,0.005976108315614085,-0.00050230586
422,2018-09-21,-0.010080907201000832,-0.0006212026
423,2018-09-24,-0.01327522493135003,-0.0006556364
424,2018-09-25,-0.0005528879327122117,-0.00067944225
425,2018-09-26,-0.019730799676285746,-0.00062390545
426,2018-09-27,-0.006395647056353763,-0.00062404823
427,2018-09-28,-0.004922479393242053,-0.000666397
428,2018-10-01,-0.005898038162782535,-0.0006917022
429,2018-10-02,-0.0022967042397507823,-0.0007139679
430,2018-10-03,0.009975116304230229,-0.0006215086
431,2018-10-04,0.016334271139693032,-0.0005647172
432,2018-10-05,-0.00598020546832123,-0.00042842
433,2018-10-08,0.009024237621838413,-0.00020175439
434,2018-10-09,-0.0026085075803975576,8.4925654e-05
435,2018-10-10,-0.020549243146005487,0.0003589378
436,2018-10-11,-0.018882359443899512,0.00057947345
437,2018-10-12,0.013025064758297896,0.0006916588
438,2018-10-15,0.021684754374394363,0.00060248375
439,2018-10-16,0.009203664606506937,0.00023614487
440,2018-10-17,0.013586388672066203,7.61642e-05
441,2018-10-18,-0.024972427745121314,-4.918883e-05
442,2018-10-19,-0.0039547626377829884,-0.00019237076
443,2018-10-22,-0.02344495230261628,-0.00031176722
444,2018-10-23,-0.0017424801719309057,-0.00061215553
445,2018-10-24,-0.026571029661534032,-0.0007742781
446,2018-10-25,0.033273627479303854,-0.00090976956
447,2018-10-26,-0.0117623965205131,-0.0009961091
448,2018-10-29,0.01912183674404371,-0.0010157535
449,2018-10-30,0.008807264411688798,-0.0009803303
450,2018-10-31,0.010248673158105381,-0.0008522336
451,2018-11-01,0.006199449128222192,-0.0006942419
452,2018-11-02,0.0009335978265788826,-0.00044651408
453,2018-11-05,0.0009325778102589528,-0.00017732635
454,2018-11-06,-0.0020499236161189297,0.00013325133
455,2018-11-07,0.000560218482220234,0.00035140032
456,2018-11-08,0.00018812801723372085,0.0003967477
457,2018-11-09,-0.0022572608607447243,0.00035954977
458,2018-11-12,-0.013009100041204685,0.00039963418
459,2018-11-13,0.007449872717761166,0.00058488944
460,2018-11-14,-0.011186893818175472,0.0007181982
461,2018-11-15,0.012847568041353986,0.0007402701
462,2018-11-16,0.002271715367082866,0.0007547331
463,2018-11-19,0.007178122241835834,0.0007573136
464,2018-11-20,-0.014628761167973162,0.0009276061
465,2018-11-21,-0.0020936609492697863,0.0011465506
466,2018-11-23,-0.011443749642415933,0.0014943773
467,2018-11-26,0.020258508694609025,0.001909715
468,2018-11-27,0.005862345922830254,0.0023360276
469,2018-11-28,0.021808600473129266,0.0025453947
470,2018-11-29,-0.005703714492320351,0.0025122052
471,2018-11-30,0.004441078993127323,0.002343973
472,2018-12-03,-0.000736846252716481,0.0020890953
473,2018-12-04,-0.045354068806788786,0.0017945514
474,2018-12-06,-0.01332550694030434,0.00146437
475,2018-12-07,-0.016245929236832286,0.0010867809
476,2018-12-10,-0.029048972343567608,0.0008582692
477,2018-12-11,-0.021311385437226726,0.0006481371
478,2018-12-12,-0.0004188017998258662,0.00060000527
479,2018-12-13,-0.014872321643554487,0.0005737413
480,2018-12-14,-0.010418772368245654,0.0004706744
481,2018-12-17,0.0015041031186225136,0.0003663325
482,2018-12-18,-0.0019308938850288132,0.00015584345
483,2018-12-19,-0.01827185100504435,-0.00024823393
484,2018-12-20,0.008101747473889195,-0.00037667746
485,2018-12-21,-0.01998269965527723,-0.00047299225
486,2018-12-24,-0.03368801638992934,-0.0005649416
487,2018-12-26,0.04564220797150131,-0.00061158434
488,2018-12-27,-0.0013160340837248682,-0.0005043662
489,2018-12-28,0.005490861070652548,-0.0003961587
490,2018-12-31,0.006553120727867205,-0.00027642562
491,2019-01-02,0.018663143355167177,-0.00016563763
492,2019-01-03,-0.007882378936772754,-7.803329e-05
493,2019-01-04,0.02963292663278409,-3.8203867e-05
494,2019-01-07,-0.006465085122765701,-1.2317293e-05
495,2019-01-08,-0.0020991170015983874,1.2073714e-06
496,2019-01-09,0.005468950964646998,4.8553895e-05
497,2019-01-10,-0.0010459209952784969,3.4672248e-05
498,2019-01-11,0.002513087908883674,-2.6810918e-05
499,2019-01-14,0.01148938342942011,-0.00016762654
500,2019-01-15,-0.015489399990412238,-0.00040761282
501,2019-01-16,0.02664150276880286,-0.0006579007
502,2019-01-17,0.005925600300759463,-0.00079637044
503,2019-01-18,0.015843950559014303,-0.00089829497
504,2019-01-22,-0.0029992601422986365,-0.000848062
505,2019-01-23,0.005214478815130353,-0.0006884383
506,2019-01-24,-0.0027931762329376927,-0.00037363797
507,2019-01-25,0.0030010600008764537,-1.8743038e-05
508,2019-01-28,-0.006183860114810665,0.00041022137
509,2019-01-29,0.0006021874512927836,0.0010362624
510,2019-01-30,0.004814441126531148,0.0018439275
511,2019-01-31,-0.014705870703737613,0.0027709382
512,2019-02-01,0.0,0.0037287925
513,2019-02-04,0.003066900182115036,0.004599665
514,2019-02-05,0.004280468168842087,0.0051454245
515,2019-02-06,-0.0010148570085948396,0.0048767366
516,2019-02-07,-0.02316130345555306,0.0032943713
517,2019-02-08,-0.008943410253275174,0.0021236618
518,2019-02-11,0.0,0.0014144736
519,2019-02-12,0.029380842924271625,0.0006817754
520,2019-02-13,-0.0006115972597171934,7.2267954e-05
521,2019-02-14,-0.0101999267463088,-0.000113956274
522,2019-02-15,0.014427052321678603,-0.00022928309
523,2019-02-19,0.0032507456982144786,-0.00031312378
524,2019-02-20,0.008707882213295335,-0.00036379535
525,2019-02-21,-0.005018958457177096,-0.00034592568
526,2019-02-22,-0.010895939681966905,-0.00030826876
527,2019-02-25,0.013055874148682532,-0.00029851796
528,2019-02-26,-0.0014095309344570096,-0.0002566486
529,2019-02-27,0.006251178018182694,-0.000231527
530,2019-02-28,-0.00020031429328376592,-0.00013482464
531,2019-03-01,0.002806144244468342,-0.000105449806
532,2019-03-04,0.0015989789924939002,-0.00018516983
533,2019-03-05,-0.004390250907465263,-0.00040626648
534,2019-03-06,-0.0014031115310514683,-0.00055173313
535,2019-03-07,-0.0028100871100957764,-0.0006983115
536,2019-03-08,0.002415365829855381,-0.0008894315
537,2019-03-11,-0.0008031819650116817,-0.0010055845
538,2019-03-12,-0.0022105258582846912,-0.0009281084
539,2019-03-13,0.005437935919126166,-0.0007466984
540,2019-03-14,0.008613844789787339,-0.0004542046
541,2019-03-15,0.006156977024792382,-0.00015177637
542,2019-03-18,0.021121083942938688,0.0001243777
543,2019-03-19,-0.00618587968708014,0.00022810759
544,2019-03-20,-0.01964599079995536,7.828572e-05
545,2019-03-21,-0.010714262865549409,0.00014907091
546,2019-03-22,-0.031087106691092752,7.077881e-05
547,2019-03-25,-0.004760898559675773,-1.4805994e-05
548,2019-03-26,0.01934267124606871,-0.00034858775
549,2019-03-27,-0.004896851839282038,-0.0006531477
550,2019-03-28,0.006561399709369476,-0.0008379338
551,2019-03-29,-0.015685512126335743,-0.0009535666
552,2019-04-01,0.010140745032103434,-0.0010249434
553,2019-04-02,-0.012292653563106845,-0.0009796979
554,2019-04-03,0.013482732930764843,-0.00093513593
555,2019-04-04,0.006344655571701465,-0.0007308686
556,2019-04-05,-0.007931600462300827,-0.0004963697
557,2019-04-08,0.0020501027308477584,-0.0003298205
558,2019-04-09,-0.015139175188067186,-0.00020415129
559,2019-04-10,-0.007270507578778603,6.057922e-05
560,2019-04-11,-0.0010462036958184353,0.0003313887
561,2019-04-12,-0.02618347301443486,0.00047968063
562,2019-04-15,0.006022737470610968,0.00043397624
563,2019-04-16,0.01881551216829161,0.00013538304
564,2019-04-17,-0.0020986375319342635,-0.00013252973
565,2019-04-18,0.0006308905132475016,-0.00030312815
566,2019-04-22,-0.006725503840476824,-0.00043991493
567,2019-04-23,0.001904368707348169,-0.00063195295
568,2019-04-24,0.0027454063502854154,-0.00085485494
569,2019-04-25,0.0006319035253094339,-0.0009002839
570,2019-04-26,0.009471739471214735,-0.0009732518
571,2019-04-29,0.00646371665511436,-0.00096660166
572,2019-04-30,0.0029003218923103467,-0.00090908614
573,2019-05-01,-0.0037182593289311946,-0.0008039997
574,2019-05-02,0.0014513229573919594,-0.0007608248
575,2019-05-03,0.007246505419370029,-0.0006908454
576,2019-05-06,-0.004522164741970933,-0.0006937931
577,2019-05-07,-0.026016985889261667,-0.000716324
578,2019-05-08,-0.0036039304449426933,-0.00068744895
579,2019-05-09,0.004081636067921851,-0.0007295121
580,2019-05-10,0.008772016072197235,-0.0007846511
581,2019-05-13,-0.017391308657361236,-0.00077779696
582,2019-05-14,0.0034534928840376893,-0.0007573672
583,2019-05-15,-0.013981555906746624,-0.00063886825
584,2019-05-16,0.001308977587996182,-0.0005098128
585,2019-05-17,-0.004357413270463721,-0.0004206479
586,2019-05-20,-0.005470455136379166,-0.00039397596
587,2019-05-21,0.019362019997232246,-0.00044167947
588,2019-05-22,-0.0049644958436700784,-0.00041535433
589,2019-05-23,-0.0117135960133189,-0.0002724274
590,2019-05-24,0.013388885279646035,-0.00027296797
591,2019-05-28,-0.012562307106510778,-0.0004056443
592,2019-05-29,-0.0024127669920080723,-0.0006139813
593,2019-05-30,-0.009454762867515147,-0.00080586626
594,2019-05-31,-0.015094307652527485,-0.001117311
595,2019-06-03,0.003380730206476807,-0.0011517856
596,2019-06-04,0.026055693825761693,-0.0011766828
597,2019-06-05,0.003940431600798419,-0.0010777569
598,2019-06-06,0.001308236924636891,-0.0009188268
599,2019-06-07,-0.006315180613351347,-0.0007896489
600,2019-06-10,0.014025803634481571,-0.0006713234
601,2019-06-11,-0.00021614951688310376,-0.00052560173
602,2019-06-12,-0.0291828733171652,-0.00029259198
603,2019-06-13,0.00846146108125077,-6.906784e-05
604,2019-06-14,0.006623852559365856,0.00012840652
605,2019-06-17,-0.007019012884093729,0.00023466593
606,2019-06-18,0.018334384759259307,0.00019131765
607,2019-06-19,-0.009761330011099082,3.8976475e-05
608,2019-06-20,0.004600191324142051,0.00017850695
609,2019-06-21,0.022459638279496475,0.00029983115
610,2019-06-24,-0.013222411786979932,0.0003637112
611,2019-06-25,-0.002809607037989877,0.0003185678
612,2019-06-26,-0.007368861304509852,0.00025966513
613,2019-06-27,0.010698739045903464,0.00027238403
614,2019-06-28,0.022251003529337232,0.00031082632
615,2019-07-01,0.007819084214740214,0.00022673064
616,2019-07-02,-0.009645678872407613,4.5779605e-05
617,2019-07-03,0.00910443844982033,-0.0003201309
618,2019-07-05,0.0023079739749049914,-0.00024218558
619,2019-07-08,-0.005024043649110369,-5.628775e-05
620,2019-07-09,0.006311847084030874,0.000114535076
621,2019-07-10,-0.014216986841051023,0.00035219587
622,2019-07-11,-0.0002121153200289891,0.0005240897
623,2019-07-12,0.004666948776005131,0.0006670166
624,2019-07-15,-0.013724716075589716,0.0007260825
625,2019-07-16,-0.030186241161255175,0.0006392227
626,2019-07-17,-0.0019868289831149626,0.00036241586
627,2019-07-18,0.013492624794439242,0.00024073469
628,2019-07-19,0.004583124063598507,0.00012869212
629,2019-07-22,0.009776259323938323,3.1459374e-05
630,2019-07-23,0.015490608555671725,-8.6866145e-05
631,2019-07-24,0.026483028121714994,-0.00018244654
632,2019-07-25,-0.007430376144856846,-0.00035171903
633,2019-07-26,0.025161194342428233,-0.00051119993
634,2019-07-29,-0.020689688405727834,-0.0005113427
635,2019-07-30,0.005592424929431209,-0.000548663
636,2019-07-31,-0.0028836611812021037,-0.00068442983
637,2019-08-01,-0.027886793633768992,-0.000882812
638,2019-08-02,0.008074721984800446,-0.0010254227
639,2019-08-05,-0.027402982148631613,-0.0010447918
640,2019-08-06,0.017121897548678874,-0.00093886897
641,2019-08-07,-0.02386537974311155,-0.00084289076
642,2019-08-08,0.024282570653035157,-0.0007561738
643,2019-08-09,-0.002155180821131695,-0.000690672
644,2019-08-12,-0.018790470405152596,-0.0006278323
645,2019-08-13,0.011666277279297895,-0.00062232453
646,2019-08-14,-0.043298488418774476,-0.00064653833
647,2019-08-15,-0.013418256620752923,-0.0007232903
648,2019-08-16,0.02328256720721143,-0.00072757417
649,2019-08-19,0.019373757077533027,-0.0007701269
650,2019-08-20,-0.012596632267958085,-0.00077745016
651,2019-08-21,0.007161965403974843,-0.0006884791
652,2019-08-22,0.013777814901493874,-0.0006281179
653,2019-08-23,-0.026304270692608243,-0.00069467025
654,2019-08-26,0.012606931198160021,-0.0007842737
655,2019-08-27,-0.005113335281482596,-0.00083847437
656,2019-08-28,0.016089344512011456,-0.0008291315
657,2019-08-29,0.01583457655462232,-0.00084926555
658,2019-08-30,0.008226938125914652,-0.0008092117
659,2019-09-03,-0.010307038707794593,-0.0006707726
660,2019-09-04,0.008895623321573608,-0.00053742307
661,2019-09-05,0.024086015877068875,-0.00044571853
662,2019-09-06,-0.009869744029115822,-0.00038846818
663,2019-09-09,0.026723113975568903,-0.00036588628
664,2019-09-10,-0.0020656175042805974,-0.0003053925
665,2019-09-11,0.011177741677658531,-0.00025004946
666,2019-09-12,-0.0040941031150140165,-0.00016889129
667,2019-09-13,0.0055497723712260765,-0.0002240405
668,2019-09-16,0.0012265285691016984,-0.00031864175
669,2019-09-17,-0.0044916310985833804,-0.00043544752
670,2019-09-18,0.0034864621768376076,-0.00045655048
671,2019-09-19,-0.0004087330503291824,-0.00047961177
672,2019-09-20,-0.005724760020160756,-0.00046959578
673,2019-09-23,0.006785897478438835,-0.00043185728
674,2019-09-24,-0.006331676853691336,-0.00056175934
675,2019-09-25,0.012538462573649841,-0.0008139953
676,2019-09-26,-0.007917174225445302,-0.00078256015
677,2019-09-27,0.037650949199552954,-0.0007393139
678,2019-09-30,-0.005324399286809368,-0.00079031184
679,2019-10-01,-0.02735920863690015,-0.00080059306
680,2019-10-02,-0.012026105926192826,-0.0007750125
681,2019-10-03,0.00020626631667075993,-0.00071224413
682,2019-10-04,0.01505775179379338,-0.0006327077
683,2019-10-07,-0.008128383108915779,-0.0005113529
684,2019-10-08,-0.02028269786345304,-0.00031643864
685,2019-10-09,0.006900840653132793,-5.483563e-06
686,2019-10-10,0.010384256689419304,0.00030390077
687,2019-10-11,0.011510709357913493,0.00045440602
688,2019-10-14,0.0012193005096801347,0.00040491758
689,2019-10-15,0.017048949778628007,0.00017870075
690,2019-10-16,-0.010377195209903354,1.2161737e-05
691,2019-10-17,0.00040329316477496314,-0.000111885754
692,2019-10-18,0.0072566610478352125,-8.234772e-05
693,2019-10-21,0.009805813569929003,6.6576584e-05
694,2019-10-22,0.0031708713950857215,0.00019470391
695,2019-10-23,0.006124039842549471,0.00033029733
696,2019-10-24,0.0033379127360630687,0.00039067894
697,2019-10-25,0.009197672636109953,0.00023962294
698,2019-10-28,0.0015513104925584443,-5.624695e-05
699,2019-10-29,0.010067713354330913,-0.0003024448
700,2019-10-30,-0.0026835156091920744,-0.00063023943
701,2019-10-31,-0.007687828408125887,-0.00088271
702,2019-11-01,0.010652687854584232,-0.0010235562
703,2019-11-04,0.010348803447278716,-0.0010663334
704,2019-11-05,0.011001501765403468,-0.000995385
705,2019-11-06,0.009380827386244218,-0.0008986622
706,2019-11-07,0.013323380330205768,-0.00081278157
707,2019-11-08,0.0018518235948350695,-0.0008375768
708,2019-11-11,-0.0009242003414189404,-0.0008611379
709,2019-11-12,0.0031452726372290605,-0.0009232738
710,2019-11-13,-0.017152347551417504,-0.000983227
711,2019-11-14,0.003753063604868095,-0.0011302542
712,2019-11-15,0.005795429965719074,-0.0013994317
713,2019-11-18,0.0037174863527076234,-0.0015754156
714,2019-11-19,0.0005555329499421296,-0.0017014418
715,2019-11-20,-0.009068996387934175,-0.0018167482
716,2019-11-21,0.0003735610276740108,-0.0019409385
717,2019-11-22,0.01344281903556678,-0.002038712
718,2019-11-25,-0.0012896038393228112,-0.001957217
719,2019-11-26,-0.007378670317967443,-0.0018154937
720,2019-11-27,0.009849447421868005,-0.0017189953
721,2019-11-29,0.0022082983354399345,-0.0015249683
722,2019-12-02,-0.015424167585551558,-0.0012763736
723,2019-12-03,-0.01939569417282571,-0.0009413475
724,2019-12-04,0.012552297916092914,-0.0006927935
725,2019-12-05,-0.00018786881884179518,-0.0005576591
726,2019-12-06,0.021416483175880623,-0.0006509038
727,2019-12-09,-0.008276637332717593,-0.00080082763
728,2019-12-10,-0.004265570290185842,-0.00081177184
729,2019-12-11,-0.009685238797994473,-0.0009412557
730,2019-12-12,0.02238108862868624,-0.0010882829
731,2019-12-13,-0.01048564548241885,-0.0013068296
732,2019-12-16,0.007994056476241011,-0.0013148771
733,2019-12-17,0.002213185709758814,-0.0011924207
734,2019-12-18,-0.0123298119573279,-0.001177611
735,2019-12-19,-0.000745241330252576,-0.0012745989
736,2019-12-20,-0.005593869682745655,-0.0016274233
737,2019-12-23,0.009000553642524323,-0.0021714699
738,2019-12-24,0.00018580786615935425,-0.00261555
739,2019-12-26,0.006131583666404651,-0.0024681557
740,2019-12-27,-0.0042475226306996966,-0.0024179635
741,2019-12-30,-0.00593471264263728,-0.002391832
742,2019-12-31,0.003731357623750989,-0.0022859091
743,2020-01-02,-0.0009293538618882454,-0.0020794591
744,2020-01-03,-0.006139568949854651,-0.0019451305
745,2020-01-06,-0.005990260310608629,-0.0019043933
746,2020-01-07,-0.008286226729807212,-0.0018363111
747,2020-01-08,0.00303835639718431,-0.0017179754
748,2020-01-09,-0.001703902936536928,-0.0015243258
749,2020-01-10,-0.004361834709520531,-0.0013114603
750,2020-01-13,-0.007428559802827381,-0.001124624
751,2020-01-14,-0.05392441643404651,-0.0010743605
752,2020-01-15,-0.019878287168402793,-0.001160547
753,2020-01-16,0.019246695179002616,-0.0014063063
754,2020-01-17,-0.0014213136004917512,-0.0017239216
755,2020-01-21,-0.004880066632320429,-0.002057122
756,2020-01-22,-0.007764553822659599,-0.002509474
757,2020-01-23,-0.007001650390704017,-0.002807078
758,2020-01-24,-0.013479915168476393,-0.0028008665
